-- Incremental ADD-ONLY: new spell/equipment/utility abilities + test decks. No deletes.
BEGIN;
INSERT INTO abilities (id, ability_id, display_name, description, skill_type, trigger_kind, target_selector_kind, animation_cue_id, conditions_json, metadata_json, created_at) VALUES
('ability-17', 'spell_strike', 'Strike', 'Deal direct damage to the target unit', 1, 0, 1, 'spell_strike', '{}'::jsonb, '{"cardType":"spell"}'::jsonb, NOW()),
('ability-18', 'spell_mend', 'Mend', 'Heal the target unit', 3, 0, 4, 'spell_mend', '{}'::jsonb, '{"cardType":"spell"}'::jsonb, NOW()),
('ability-19', 'spell_venom', 'Envenom', 'Poison the target unit for several turns', 1, 0, 1, 'spell_venom', '{}'::jsonb, '{"cardType":"spell"}'::jsonb, NOW()),
('ability-20', 'spell_freeze', 'Freeze', 'Stun the target unit so it skips its next attack', 1, 0, 1, 'spell_freeze', '{}'::jsonb, '{"cardType":"spell"}'::jsonb, NOW()),
('ability-21', 'equip_weapon', 'Weapon', 'Grants bonus attack for a few turns', 2, 0, 5, 'equip_weapon', '{}'::jsonb, '{"cardType":"equipment"}'::jsonb, NOW()),
('ability-22', 'equip_armor', 'Plating', 'Grants bonus armor for a few turns', 0, 0, 2, 'equip_armor', '{}'::jsonb, '{"cardType":"equipment"}'::jsonb, NOW()),
('ability-23', 'equip_curse', 'Curse', 'Saps the target unit''s attack for a few turns', 1, 0, 3, 'equip_curse', '{}'::jsonb, '{"cardType":"equipment"}'::jsonb, NOW()),
('ability-24', 'util_bulwark', 'Bulwark', 'Grants a friendly unit a protective shield', 0, 0, 5, 'util_bulwark', '{}'::jsonb, '{"cardType":"utility"}'::jsonb, NOW()),
('ability-25', 'util_blessing', 'Blessing', 'Heals and sharpens a friendly unit', 3, 0, 5, 'util_blessing', '{}'::jsonb, '{"cardType":"utility"}'::jsonb, NOW()) ON CONFLICT (id) DO NOTHING;
INSERT INTO effects (id, ability_definition_id, effect_kind, amount, secondary_amount, duration_turns, target_selector_kind_override, sequence, metadata_json, created_at) VALUES
('effect-12', 'ability-17', 0, 4, NULL, NULL, NULL, 0, '{"animationStep":"spell-strike"}'::jsonb, NOW()),
('effect-13', 'ability-18', 1, 4, NULL, NULL, NULL, 0, '{"animationStep":"spell-mend"}'::jsonb, NOW()),
('effect-14', 'ability-19', 29, 2, NULL, 3, NULL, 0, '{"animationStep":"spell-venom"}'::jsonb, NOW()),
('effect-15', 'ability-20', 30, 0, NULL, 1, NULL, 0, '{"animationStep":"spell-freeze"}'::jsonb, NOW()),
('effect-16', 'ability-21', 3, 2, NULL, 3, NULL, 0, '{"animationStep":"equip-weapon"}'::jsonb, NOW()),
('effect-17', 'ability-22', 2, 3, NULL, 3, NULL, 0, '{"animationStep":"equip-armor"}'::jsonb, NOW()),
('effect-18', 'ability-23', 3, -2, NULL, 3, NULL, 0, '{"animationStep":"equip-curse"}'::jsonb, NOW()),
('effect-19', 'ability-24', 28, 1, NULL, 99, NULL, 0, '{"animationStep":"util-bulwark"}'::jsonb, NOW()),
('effect-20', 'ability-25', 1, 3, NULL, NULL, NULL, 0, '{"animationStep":"util-blessing-heal"}'::jsonb, NOW()),
('effect-21', 'ability-25', 3, 1, NULL, 3, NULL, 1, '{"animationStep":"util-blessing-buff"}'::jsonb, NOW()) ON CONFLICT (id) DO NOTHING;
INSERT INTO card_abilities (id, card_definition_id, ability_definition_id, sequence) VALUES
('ca-nu-1', 'card-9', 'ability-17', 0),
('ca-nu-2', 'card-10', 'ability-21', 0),
('ca-nu-3', 'card-20', 'ability-17', 0),
('ca-nu-4', 'card-21', 'ability-21', 0),
('ca-nu-5', 'card-22', 'ability-25', 0),
('ca-nu-6', 'card-38', 'ability-17', 0),
('ca-nu-7', 'card-39', 'ability-21', 0),
('ca-nu-8', 'card-40', 'ability-25', 0),
('ca-nu-9', 'card-49', 'ability-20', 0),
('ca-nu-10', 'card-50', 'ability-22', 0),
('ca-nu-11', 'card-60', 'ability-20', 0),
('ca-nu-12', 'card-61', 'ability-22', 0),
('ca-nu-13', 'card-62', 'ability-24', 0),
('ca-nu-14', 'card-78', 'ability-20', 0),
('ca-nu-15', 'card-79', 'ability-22', 0),
('ca-nu-16', 'card-80', 'ability-24', 0),
('ca-nu-17', 'card-89', 'ability-19', 0),
('ca-nu-18', 'card-90', 'ability-23', 0),
('ca-nu-19', 'card-100', 'ability-19', 0),
('ca-nu-20', 'card-101', 'ability-23', 0),
('ca-nu-21', 'card-102', 'ability-25', 0),
('ca-nu-22', 'card-118', 'ability-19', 0),
('ca-nu-23', 'card-119', 'ability-23', 0),
('ca-nu-24', 'card-120', 'ability-25', 0),
('ca-nu-25', 'card-129', 'ability-17', 0),
('ca-nu-26', 'card-130', 'ability-22', 0),
('ca-nu-27', 'card-140', 'ability-17', 0),
('ca-nu-28', 'card-141', 'ability-22', 0),
('ca-nu-29', 'card-142', 'ability-24', 0),
('ca-nu-30', 'card-158', 'ability-17', 0),
('ca-nu-31', 'card-159', 'ability-22', 0),
('ca-nu-32', 'card-160', 'ability-24', 0),
('ca-nu-33', 'card-169', 'ability-17', 0),
('ca-nu-34', 'card-170', 'ability-23', 0),
('ca-nu-35', 'card-180', 'ability-17', 0),
('ca-nu-36', 'card-181', 'ability-23', 0),
('ca-nu-37', 'card-182', 'ability-25', 0),
('ca-nu-38', 'card-198', 'ability-17', 0),
('ca-nu-39', 'card-199', 'ability-23', 0),
('ca-nu-40', 'card-200', 'ability-25', 0) ON CONFLICT (id) DO NOTHING;
INSERT INTO decks (id, user_id, deck_id, display_name, created_at) VALUES
('deck-5', 'user-1', 'deck_playerone_test', 'Test All Types', NOW()),
('deck-6', 'user-2', 'deck_playertwo_test', 'Test All Types', NOW()) ON CONFLICT (id) DO NOTHING;
INSERT INTO deck_cards (id, deck_id, card_definition_id, position, created_at) VALUES
('dc-deck-5-0', 'deck-5', 'card-156', 0, NOW()),
('dc-deck-5-1', 'deck-5', 'card-108', 1, NOW()),
('dc-deck-5-2', 'deck-5', 'card-113', 2, NOW()),
('dc-deck-5-3', 'deck-5', 'card-66', 3, NOW()),
('dc-deck-5-4', 'deck-5', 'card-191', 4, NOW()),
('dc-deck-5-5', 'deck-5', 'card-197', 5, NOW()),
('dc-deck-5-6', 'deck-5', 'card-145', 6, NOW()),
('dc-deck-5-7', 'deck-5', 'card-146', 7, NOW()),
('dc-deck-5-8', 'deck-5', 'card-148', 8, NOW()),
('dc-deck-5-9', 'deck-5', 'card-149', 9, NOW()),
('dc-deck-5-10', 'deck-5', 'card-151', 10, NOW()),
('dc-deck-5-11', 'deck-5', 'card-154', 11, NOW()),
('dc-deck-5-12', 'deck-5', 'card-155', 12, NOW()),
('dc-deck-5-13', 'deck-5', 'card-157', 13, NOW()),
('dc-deck-5-14', 'deck-5', 'card-24', 14, NOW()),
('dc-deck-5-15', 'deck-5', 'card-9', 15, NOW()),
('dc-deck-5-16', 'deck-5', 'card-20', 16, NOW()),
('dc-deck-5-17', 'deck-5', 'card-38', 17, NOW()),
('dc-deck-5-18', 'deck-5', 'card-49', 18, NOW()),
('dc-deck-5-19', 'deck-5', 'card-60', 19, NOW()),
('dc-deck-5-20', 'deck-5', 'card-10', 20, NOW()),
('dc-deck-5-21', 'deck-5', 'card-21', 21, NOW()),
('dc-deck-5-22', 'deck-5', 'card-39', 22, NOW()),
('dc-deck-5-23', 'deck-5', 'card-50', 23, NOW()),
('dc-deck-5-24', 'deck-5', 'card-61', 24, NOW()),
('dc-deck-5-25', 'deck-5', 'card-22', 25, NOW()),
('dc-deck-5-26', 'deck-5', 'card-40', 26, NOW()),
('dc-deck-5-27', 'deck-5', 'card-62', 27, NOW()),
('dc-deck-5-28', 'deck-5', 'card-80', 28, NOW()),
('dc-deck-5-29', 'deck-5', 'card-102', 29, NOW()),
('dc-deck-6-0', 'deck-6', 'card-156', 0, NOW()),
('dc-deck-6-1', 'deck-6', 'card-108', 1, NOW()),
('dc-deck-6-2', 'deck-6', 'card-113', 2, NOW()),
('dc-deck-6-3', 'deck-6', 'card-66', 3, NOW()),
('dc-deck-6-4', 'deck-6', 'card-191', 4, NOW()),
('dc-deck-6-5', 'deck-6', 'card-197', 5, NOW()),
('dc-deck-6-6', 'deck-6', 'card-145', 6, NOW()),
('dc-deck-6-7', 'deck-6', 'card-146', 7, NOW()),
('dc-deck-6-8', 'deck-6', 'card-148', 8, NOW()),
('dc-deck-6-9', 'deck-6', 'card-149', 9, NOW()),
('dc-deck-6-10', 'deck-6', 'card-151', 10, NOW()),
('dc-deck-6-11', 'deck-6', 'card-154', 11, NOW()),
('dc-deck-6-12', 'deck-6', 'card-155', 12, NOW()),
('dc-deck-6-13', 'deck-6', 'card-157', 13, NOW()),
('dc-deck-6-14', 'deck-6', 'card-24', 14, NOW()),
('dc-deck-6-15', 'deck-6', 'card-9', 15, NOW()),
('dc-deck-6-16', 'deck-6', 'card-20', 16, NOW()),
('dc-deck-6-17', 'deck-6', 'card-38', 17, NOW()),
('dc-deck-6-18', 'deck-6', 'card-49', 18, NOW()),
('dc-deck-6-19', 'deck-6', 'card-60', 19, NOW()),
('dc-deck-6-20', 'deck-6', 'card-10', 20, NOW()),
('dc-deck-6-21', 'deck-6', 'card-21', 21, NOW()),
('dc-deck-6-22', 'deck-6', 'card-39', 22, NOW()),
('dc-deck-6-23', 'deck-6', 'card-50', 23, NOW()),
('dc-deck-6-24', 'deck-6', 'card-61', 24, NOW()),
('dc-deck-6-25', 'deck-6', 'card-22', 25, NOW()),
('dc-deck-6-26', 'deck-6', 'card-40', 26, NOW()),
('dc-deck-6-27', 'deck-6', 'card-62', 27, NOW()),
('dc-deck-6-28', 'deck-6', 'card-80', 28, NOW()),
('dc-deck-6-29', 'deck-6', 'card-102', 29, NOW()) ON CONFLICT (id) DO NOTHING;
COMMIT;
