-- ============================================================
-- CardDuel production seed (generated by tools/generate_seed.py)
-- 11 abilities, 200 curated cards, 2 users, 4 starter decks.
-- Idempotent: clears gameplay/catalog data first. Lookup/definition
-- tables (enum lookups, item types) are left untouched.
-- ============================================================
BEGIN;

DELETE FROM deck_cards;
DELETE FROM decks;
DELETE FROM card_abilities;
DELETE FROM effects;
DELETE FROM abilities;
DELETE FROM cards;
DELETE FROM matchmaking_mode_ruleset_assignments;
DELETE FROM game_rulesets;
DELETE FROM users;

-- Abilities. skill_type: 0 def,1 off,2 equip,3 util,4 modifier. trigger: 0 play,1 turn-start,2 turn-end,3 battle.
INSERT INTO abilities (id, ability_id, display_name, description, skill_type, trigger_kind, target_selector_kind, animation_cue_id, conditions_json, metadata_json, created_at) VALUES
('ability-1', 'armor', 'Armor', 'Gains persistent armor when played', 0, 0, 0, 'skill_armor_gain', '{}'::jsonb, '{"battleOrder":"on_play"}'::jsonb, NOW()),
('ability-2', 'shield', 'Shield', 'Negates the next damage event received', 0, 0, 0, 'skill_shield_gain', '{}'::jsonb, '{"battleOrder":"on_play"}'::jsonb, NOW()),
('ability-3', 'fly', 'Fly', 'Bypasses non-flying defenders and attacks the hero directly', 4, 3, 0, 'skill_fly_bypass', '{}'::jsonb, '{"normalAttackModifier":true}'::jsonb, NOW()),
('ability-4', 'trample', 'Trample', 'Ignores armor when attacking', 4, 3, 0, 'skill_trample_hit', '{}'::jsonb, '{"normalAttackModifier":true}'::jsonb, NOW()),
('ability-5', 'poison', 'Poison', 'Applies poison to damaged enemies', 1, 3, 0, 'skill_poison_apply', '{}'::jsonb, '{"normalAttackModifier":true}'::jsonb, NOW()),
('ability-6', 'stun', 'Stun', 'The next damaged enemy skips its next attack; consumed after use', 1, 3, 0, 'skill_stun_apply', '{}'::jsonb, '{"oneShotPerCard":true}'::jsonb, NOW()),
('ability-7', 'leech', 'Leech', 'Heals the attacker for health damage dealt to cards', 1, 3, 0, 'skill_leech_heal', '{}'::jsonb, '{"normalAttackModifier":true}'::jsonb, NOW()),
('ability-8', 'enrage', 'Enrage', 'Attacks twice, then skips its next attack opportunity', 1, 3, 0, 'skill_enrage_double', '{}'::jsonb, '{"normalAttackModifier":true}'::jsonb, NOW()),
('ability-9', 'regenerate_left', 'Regenerate', 'Heals the ally in the left slot at end of turn', 3, 2, 6, 'skill_regenerate_left', '{}'::jsonb, '{"regenTarget":"left"}'::jsonb, NOW()),
('ability-10', 'taunt', 'Taunt', 'Enemy frontline targeting must choose this card first', 3, 3, 0, 'skill_taunt_pulse', '{}'::jsonb, '{"targetingModifier":true}'::jsonb, NOW()),
('ability-11', 'haste', 'Haste', 'Can attack on the turn it is played', 4, 3, 0, 'skill_haste_ready', '{}'::jsonb, '{"normalAttackModifier":true}'::jsonb, NOW()),
('ability-12', 'cleave', 'Cleave', 'Also strikes the enemy''s other units when it attacks', 4, 3, 0, 'skill_cleave', '{}'::jsonb, '{"normalAttackModifier":true}'::jsonb, NOW()),
('ability-13', 'execute', 'Execute', 'Instantly destroys a damaged enemy at or below its execute threshold', 1, 3, 0, 'skill_execute', '{}'::jsonb, '{"normalAttackModifier":true}'::jsonb, NOW()),
('ability-14', 'reflection', 'Reflection', 'Reflects fixed damage back at attackers that strike it', 0, 3, 0, 'skill_reflection', '{}'::jsonb, '{"normalAttackModifier":true}'::jsonb, NOW()),
('ability-15', 'last_stand', 'Last Stand', 'The first lethal blow leaves it at 1 health; used once', 0, 3, 0, 'skill_last_stand', '{}'::jsonb, '{"normalAttackModifier":true}'::jsonb, NOW()),
('ability-16', 'regenerate', 'Regenerate', 'Heals itself at the end of its turn', 3, 2, 0, 'skill_regenerate', '{}'::jsonb, '{"regenTarget":"self"}'::jsonb, NOW()),
('ability-17', 'spell_strike', 'Strike', 'Deal direct damage to the target unit', 1, 0, 1, 'spell_strike', '{}'::jsonb, '{"cardType":"spell"}'::jsonb, NOW()),
('ability-18', 'spell_mend', 'Mend', 'Heal the target unit', 3, 0, 4, 'spell_mend', '{}'::jsonb, '{"cardType":"spell"}'::jsonb, NOW()),
('ability-19', 'spell_venom', 'Envenom', 'Poison the target unit for several turns', 1, 0, 1, 'spell_venom', '{}'::jsonb, '{"cardType":"spell"}'::jsonb, NOW()),
('ability-20', 'spell_freeze', 'Freeze', 'Stun the target unit so it skips its next attack', 1, 0, 1, 'spell_freeze', '{}'::jsonb, '{"cardType":"spell"}'::jsonb, NOW()),
('ability-21', 'equip_weapon', 'Weapon', 'Grants bonus attack for a few turns', 2, 0, 5, 'equip_weapon', '{}'::jsonb, '{"cardType":"equipment"}'::jsonb, NOW()),
('ability-22', 'equip_armor', 'Plating', 'Grants bonus armor for a few turns', 0, 0, 2, 'equip_armor', '{}'::jsonb, '{"cardType":"equipment"}'::jsonb, NOW()),
('ability-23', 'equip_curse', 'Curse', 'Saps the target unit''s attack for a few turns', 1, 0, 3, 'equip_curse', '{}'::jsonb, '{"cardType":"equipment"}'::jsonb, NOW()),
('ability-24', 'util_bulwark', 'Bulwark', 'Grants a friendly unit a protective shield', 0, 0, 5, 'util_bulwark', '{}'::jsonb, '{"cardType":"utility"}'::jsonb, NOW()),
('ability-25', 'util_blessing', 'Blessing', 'Heals and sharpens a friendly unit', 3, 0, 5, 'util_blessing', '{}'::jsonb, '{"cardType":"utility"}'::jsonb, NOW());

-- Effects backing triggered abilities.
INSERT INTO effects (id, ability_definition_id, effect_kind, amount, secondary_amount, duration_turns, target_selector_kind_override, sequence, metadata_json, created_at) VALUES
('effect-1', 'ability-1', 2, 3, NULL, NULL, NULL, 0, '{"animationStep":"armor"}'::jsonb, NOW()),
('effect-2', 'ability-2', 28, 1, NULL, 99, NULL, 0, '{"animationStep":"shield"}'::jsonb, NOW()),
('effect-3', 'ability-5', 29, 1, NULL, 2, NULL, 0, '{"animationStep":"poison"}'::jsonb, NOW()),
('effect-4', 'ability-6', 30, 0, NULL, 1, NULL, 0, '{"animationStep":"stun"}'::jsonb, NOW()),
('effect-5', 'ability-9', 1, 2, NULL, NULL, 6, 0, '{"animationStep":"regen-left"}'::jsonb, NOW()),
('effect-6', 'ability-11', 27, 1, NULL, NULL, NULL, 0, '{"animationStep":"haste-ready"}'::jsonb, NOW()),
('effect-7', 'ability-13', 15, 3, NULL, NULL, NULL, 0, '{"animationStep":"execute","note":"executeThreshold"}'::jsonb, NOW()),
('effect-8', 'ability-14', 10, 2, NULL, NULL, NULL, 0, '{"animationStep":"reflection","note":"reflectDamage"}'::jsonb, NOW()),
('effect-9', 'ability-12', 21, 0, NULL, NULL, NULL, 0, '{"animationStep":"cleave","note":"usesAttackerAttack"}'::jsonb, NOW()),
('effect-10', 'ability-15', 22, 0, NULL, NULL, NULL, 0, '{"animationStep":"last-stand"}'::jsonb, NOW()),
('effect-11', 'ability-16', 1, 2, NULL, NULL, NULL, 0, '{"animationStep":"regen-self"}'::jsonb, NOW()),
('effect-12', 'ability-17', 0, 4, NULL, NULL, NULL, 0, '{"animationStep":"spell-strike"}'::jsonb, NOW()),
('effect-13', 'ability-18', 1, 4, NULL, NULL, NULL, 0, '{"animationStep":"spell-mend"}'::jsonb, NOW()),
('effect-14', 'ability-19', 29, 2, NULL, 3, NULL, 0, '{"animationStep":"spell-venom"}'::jsonb, NOW()),
('effect-15', 'ability-20', 30, 0, NULL, 1, NULL, 0, '{"animationStep":"spell-freeze"}'::jsonb, NOW()),
('effect-16', 'ability-21', 3, 2, NULL, 3, NULL, 0, '{"animationStep":"equip-weapon"}'::jsonb, NOW()),
('effect-17', 'ability-22', 2, 3, NULL, 3, NULL, 0, '{"animationStep":"equip-armor"}'::jsonb, NOW()),
('effect-18', 'ability-23', 3, -2, NULL, 3, NULL, 0, '{"animationStep":"equip-curse"}'::jsonb, NOW()),
('effect-19', 'ability-24', 28, 1, NULL, 99, NULL, 0, '{"animationStep":"util-bulwark"}'::jsonb, NOW()),
('effect-20', 'ability-25', 1, 3, NULL, NULL, NULL, 0, '{"animationStep":"util-blessing-heal"}'::jsonb, NOW()),
('effect-21', 'ability-25', 3, 1, NULL, 3, NULL, 1, '{"animationStep":"util-blessing-buff"}'::jsonb, NOW());

-- Default ruleset (hero 20, full 20 mana from turn 1 to match the client DuelRulesProfile, draw 4 +1/turn).
INSERT INTO game_rulesets (id, ruleset_key, display_name, description, is_active, is_default, starting_hero_health, max_hero_health, starting_mana, max_mana, mana_granted_per_turn, mana_grant_timing, initial_draw_count, cards_drawn_on_turn_start, starting_seat_index, created_at) VALUES
('ruleset-default', 'default', 'Default Rules', 'Default server ruleset for casual, ranked and private matches.', true, true, 20, 20, 20, 20, 20, 0, 4, 1, 0, NOW());

INSERT INTO matchmaking_mode_ruleset_assignments (id, mode, ruleset_id, created_at) VALUES
('mmr-casual', 0, 'ruleset-default', NOW()),
('mmr-ranked', 1, 'ruleset-default', NOW()),
('mmr-private', 2, 'ruleset-default', NOW());

-- Users. password = '123456' (SHA256 base64 legacy hash; the API accepts it).
INSERT INTO users (id, email, username, password_hash, is_active, created_at) VALUES
('user-1', 'playerone@flippy.com', 'PlayerOne', 'jZae727K08KaOmKSgOaGzww/XVqGr/PKEgIMkjrcbJI=', true, NOW()),
('user-2', 'playertwo@flippy.com', 'PlayerTwo', 'jZae727K08KaOmKSgOaGzww/XVqGr/PKEgIMkjrcbJI=', true, NOW());

-- 200 cards.
INSERT INTO cards (id, card_id, display_name, description, mana_cost, attack, health, armor, card_type, card_rarity, card_faction, unit_type, allowed_row, default_attack_selector, turns_until_can_attack, is_limited, created_at) VALUES
('card-1', 'ember_0001', 'Ignar, the Everburning', 'Smoke and cinder herald its charge. Poison, Haste, Cleave.', 7, 11, 8, 0, 0, 3, 0, 0, 2, 1, 1, false, NOW()),
('card-2', 'ember_0002', 'Vaelmora, Forgemother', 'Quench it and it only burns brighter. Cleave, Leech, Execute.', 8, 12, 9, 0, 0, 3, 0, 1, 1, 1, 1, false, NOW()),
('card-3', 'ember_0003', 'Ashkhan the Unquenched', 'Its rage burns hotter than the anvil. Trample, Enrage.', 8, 13, 9, 0, 0, 3, 0, 0, 0, 1, 1, false, NOW()),
('card-4', 'ember_0004', 'Pyre Salamander', 'Quench it and it only burns brighter. Enrage, Haste.', 7, 9, 6, 0, 0, 2, 0, 1, 2, 1, 1, false, NOW()),
('card-5', 'ember_0005', 'Forge Salamander', 'Smoke and cinder herald its charge. Trample.', 5, 7, 5, 0, 0, 2, 0, 0, 2, 1, 1, false, NOW()),
('card-6', 'ember_0006', 'Blaze Wyrmling', 'Born from the deepest forge-fires. Enrage, Haste.', 6, 8, 5, 0, 0, 2, 0, 0, 0, 1, 1, false, NOW()),
('card-7', 'ember_0007', 'Pyre Marauder', 'Born from the deepest forge-fires. Execute, Enrage.', 4, 6, 3, 0, 0, 2, 0, 1, 1, 1, 1, false, NOW()),
('card-8', 'ember_0008', 'Ember Imp', 'Its rage burns hotter than the anvil. Poison, Enrage.', 6, 8, 5, 0, 0, 2, 0, 2, 1, 1, 1, false, NOW()),
('card-9', 'ember_0009', 'Eruption', 'Ash trails wherever it treads. Target a unit on play. Strike, then discard.', 5, 0, 0, 0, 3, 2, 0, NULL, 2, 0, 0, false, NOW()),
('card-10', 'ember_0010', 'Forgeheart Blade', 'Ash trails wherever it treads. Attach to a unit on play. Weapon for a few turns.', 5, 0, 0, 0, 2, 2, 0, NULL, 2, 0, 0, false, NOW()),
('card-11', 'ember_0011', 'Blaze Razorback', 'Smoke and cinder herald its charge. Enrage.', 3, 4, 3, 0, 0, 1, 0, 0, 0, 1, 1, false, NOW()),
('card-12', 'ember_0012', 'Magma Imp', 'Ash trails wherever it treads. Enrage.', 5, 7, 4, 0, 0, 1, 0, 1, 1, 1, 1, false, NOW()),
('card-13', 'ember_0013', 'Molten Devil', 'Smoke and cinder herald its charge. Trample.', 4, 6, 3, 0, 0, 1, 0, 0, 0, 1, 1, false, NOW()),
('card-14', 'ember_0014', 'Wildfire Hound', 'Smoke and cinder herald its charge. Enrage.', 4, 6, 3, 0, 0, 1, 0, 0, 0, 1, 1, false, NOW()),
('card-15', 'ember_0015', 'Pyre Berserker', 'Its rage burns hotter than the anvil. Cleave.', 4, 6, 3, 0, 0, 1, 0, 0, 0, 1, 1, false, NOW()),
('card-16', 'ember_0016', 'Blaze Berserker', 'Smoke and cinder herald its charge. Enrage.', 3, 4, 3, 0, 0, 1, 0, 2, 1, 1, 1, false, NOW()),
('card-17', 'ember_0017', 'Ash Brute', 'Its rage burns hotter than the anvil. Cleave.', 5, 7, 4, 1, 0, 1, 0, 0, 0, 1, 1, false, NOW()),
('card-18', 'ember_0018', 'Brimstone Razorback', 'Its rage burns hotter than the anvil. Enrage.', 4, 6, 3, 0, 0, 1, 0, 1, 1, 1, 1, false, NOW()),
('card-19', 'ember_0019', 'Molten Vanguard', 'Born from the deepest forge-fires. Execute.', 5, 7, 4, 0, 0, 1, 0, 1, 1, 1, 1, false, NOW()),
('card-20', 'ember_0020', 'Flame Lance', 'Ash trails wherever it treads. Target a unit on play. Strike, then discard.', 5, 0, 0, 0, 3, 1, 0, NULL, 2, 0, 0, false, NOW()),
('card-21', 'ember_0021', 'Molten Gauntlets', 'Smoke and cinder herald its charge. Attach to a unit on play. Weapon for a few turns.', 3, 0, 0, 0, 2, 1, 0, NULL, 2, 0, 0, false, NOW()),
('card-22', 'ember_0022', 'War Banner', 'Born from the deepest forge-fires. Target a friendly unit on play. Blessing.', 3, 0, 0, 0, 1, 1, 0, NULL, 2, 0, 0, false, NOW()),
('card-23', 'ember_0023', 'Ash Drake', 'Its rage burns hotter than the anvil. Haste.', 3, 4, 2, 0, 0, 0, 0, 1, 1, 1, 1, false, NOW()),
('card-24', 'ember_0024', 'Scorch Golem', 'Ash trails wherever it treads. Haste.', 2, 2, 2, 0, 0, 0, 0, 1, 1, 1, 1, false, NOW()),
('card-25', 'ember_0025', 'Soot Imp', 'Ash trails wherever it treads.', 2, 3, 2, 0, 0, 0, 0, 0, 0, 1, 1, false, NOW()),
('card-26', 'ember_0026', 'Molten Pyromancer', 'Born from the deepest forge-fires. Haste.', 3, 4, 2, 0, 0, 0, 0, 2, 1, 1, 1, false, NOW()),
('card-27', 'ember_0027', 'Molten Charger', 'Ash trails wherever it treads. Leech.', 2, 2, 2, 0, 0, 0, 0, 0, 0, 1, 1, false, NOW()),
('card-28', 'ember_0028', 'Brimstone Berserker', 'Ash trails wherever it treads.', 3, 4, 3, 0, 0, 0, 0, 1, 1, 1, 1, false, NOW()),
('card-29', 'ember_0029', 'Scorch Zealot', 'Quench it and it only burns brighter. Enrage.', 3, 4, 2, 0, 0, 0, 0, 0, 0, 1, 1, false, NOW()),
('card-30', 'ember_0030', 'Char Pyromancer', 'Quench it and it only burns brighter.', 2, 3, 2, 0, 0, 0, 0, 0, 0, 1, 1, false, NOW()),
('card-31', 'ember_0031', 'Magma Wyrmling', 'Ash trails wherever it treads.', 3, 4, 3, 0, 0, 0, 0, 0, 0, 1, 1, false, NOW()),
('card-32', 'ember_0032', 'Ash Golem', 'Its rage burns hotter than the anvil.', 2, 3, 2, 0, 0, 0, 0, 1, 1, 1, 1, false, NOW()),
('card-33', 'ember_0033', 'Ember Vanguard', 'Smoke and cinder herald its charge.', 3, 4, 3, 0, 0, 0, 0, 1, 1, 1, 1, false, NOW()),
('card-34', 'ember_0034', 'Smolder Imp', 'Quench it and it only burns brighter. Haste.', 2, 2, 2, 0, 0, 0, 0, 2, 1, 1, 1, false, NOW()),
('card-35', 'ember_0035', 'Char Imp', 'Its rage burns hotter than the anvil.', 2, 3, 2, 0, 0, 0, 0, 0, 0, 1, 1, false, NOW()),
('card-36', 'ember_0036', 'Blaze Charger', 'Born from the deepest forge-fires. Poison.', 3, 4, 2, 0, 0, 0, 0, 0, 0, 1, 1, false, NOW()),
('card-37', 'ember_0037', 'Scorch Warbrand', 'Smoke and cinder herald its charge. Cleave.', 2, 2, 2, 0, 0, 0, 0, 1, 1, 1, 1, false, NOW()),
('card-38', 'ember_0038', 'Pyroclasm', 'Quench it and it only burns brighter. Target a unit on play. Strike, then discard.', 3, 0, 0, 0, 3, 0, 0, NULL, 2, 0, 0, false, NOW()),
('card-39', 'ember_0039', 'Cinderbrand Axe', 'Ash trails wherever it treads. Attach to a unit on play. Weapon for a few turns.', 3, 0, 0, 0, 2, 0, 0, NULL, 2, 0, 0, false, NOW()),
('card-40', 'ember_0040', 'Forge Rite', 'Born from the deepest forge-fires. Target a friendly unit on play. Blessing.', 2, 0, 0, 0, 1, 0, 0, NULL, 2, 0, 0, false, NOW()),
('card-41', 'tidal_0001', 'Nereth, Voice of the Deep', 'Frost rimes its every breath. Stun, Fly.', 8, 10, 12, 2, 0, 3, 1, 2, 1, 1, 1, false, NOW()),
('card-42', 'tidal_0002', 'Glacius, the Frozen Crown', 'Patient as the pull of the moon. Shield, Stun, Regenerate.', 7, 8, 11, 0, 0, 3, 1, 2, 2, 1, 1, false, NOW()),
('card-43', 'tidal_0003', 'Maris, Tidemother', 'Patient as the pull of the moon. Shield, Regenerate.', 8, 10, 12, 2, 0, 3, 1, 2, 1, 1, 1, false, NOW()),
('card-44', 'tidal_0004', 'Glacier Leviathan', 'The current bends to its will. Regenerate, Taunt.', 7, 7, 8, 0, 0, 2, 1, 2, 1, 1, 1, false, NOW()),
('card-45', 'tidal_0005', 'Riptide Mistweaver', 'Patient as the pull of the moon. Stun.', 6, 6, 8, 0, 0, 2, 1, 0, 2, 1, 1, false, NOW()),
('card-46', 'tidal_0006', 'Tide Serpent', 'The current bends to its will. Armor, Fly.', 5, 5, 6, 1, 0, 2, 1, 1, 1, 1, 1, false, NOW()),
('card-47', 'tidal_0007', 'Tide Hexer', 'Patient as the pull of the moon. Armor.', 8, 8, 10, 1, 0, 2, 1, 2, 2, 1, 1, false, NOW()),
('card-48', 'tidal_0008', 'Maelstrom Frostling', 'The current bends to its will. Shield, Armor.', 6, 6, 7, 1, 0, 2, 1, 0, 0, 1, 1, false, NOW()),
('card-49', 'tidal_0009', 'Tidal Wave', 'It rose from the lightless trench. Target a unit on play. Freeze, then discard.', 6, 0, 0, 0, 3, 2, 1, NULL, 2, 0, 0, false, NOW()),
('card-50', 'tidal_0010', 'Frostforged Spear', 'Frost rimes its every breath. Attach to a unit on play. Plating for a few turns.', 7, 0, 0, 0, 2, 2, 1, NULL, 2, 0, 0, false, NOW()),
('card-51', 'tidal_0011', 'Riptide Tempest', 'Patient as the pull of the moon. Stun.', 5, 5, 6, 0, 0, 1, 1, 0, 0, 1, 1, false, NOW()),
('card-52', 'tidal_0012', 'Abyss Warden', 'It rose from the lightless trench. Shield.', 4, 4, 5, 0, 0, 1, 1, 2, 1, 1, 1, false, NOW()),
('card-53', 'tidal_0013', 'Brine Guardian', 'Patient as the pull of the moon. Shield.', 4, 4, 5, 0, 0, 1, 1, 0, 0, 1, 1, false, NOW()),
('card-54', 'tidal_0014', 'Hailstone Mistweaver', 'It rose from the lightless trench. Shield.', 4, 4, 5, 0, 0, 1, 1, 1, 1, 1, 1, false, NOW()),
('card-55', 'tidal_0015', 'Frost Naiad', 'Patient as the pull of the moon. Reflection, Shield.', 4, 4, 4, 0, 0, 1, 1, 0, 0, 1, 1, false, NOW()),
('card-56', 'tidal_0016', 'Riptide Turtle', 'Drowned silence follows in its wake. Regenerate.', 3, 3, 4, 0, 0, 1, 1, 1, 1, 1, 1, false, NOW()),
('card-57', 'tidal_0017', 'Brine Naiad', 'The current bends to its will. Stun.', 3, 3, 4, 0, 0, 1, 1, 0, 0, 1, 1, false, NOW()),
('card-58', 'tidal_0018', 'Surge Hexer', 'The current bends to its will. Shield, Regenerate.', 2, 2, 2, 1, 0, 1, 1, 1, 1, 1, 1, false, NOW()),
('card-59', 'tidal_0019', 'Glacier Tempest', 'Frost rimes its every breath. Armor.', 2, 2, 3, 1, 0, 1, 1, 2, 1, 1, 1, false, NOW()),
('card-60', 'tidal_0020', 'Deep Freeze', 'Patient as the pull of the moon. Target a unit on play. Freeze, then discard.', 4, 0, 0, 0, 3, 1, 1, NULL, 2, 0, 0, false, NOW()),
('card-61', 'tidal_0021', 'Coral Aegis', 'Patient as the pull of the moon. Attach to a unit on play. Plating for a few turns.', 3, 0, 0, 0, 2, 1, 1, NULL, 2, 0, 0, false, NOW()),
('card-62', 'tidal_0022', 'Tide Charm', 'It rose from the lightless trench. Target a friendly unit on play. Bulwark.', 3, 0, 0, 0, 1, 1, 1, NULL, 2, 0, 0, false, NOW()),
('card-63', 'tidal_0023', 'Glacier Hexer', 'Patient as the pull of the moon. Shield.', 3, 3, 3, 2, 0, 0, 1, 0, 0, 1, 1, false, NOW()),
('card-64', 'tidal_0024', 'Tide Mystic', 'Drowned silence follows in its wake. Armor.', 3, 3, 3, 1, 0, 0, 1, 0, 0, 1, 1, false, NOW()),
('card-65', 'tidal_0025', 'Pearl Serpent', 'Patient as the pull of the moon.', 3, 3, 4, 0, 0, 0, 1, 2, 1, 1, 1, false, NOW()),
('card-66', 'tidal_0026', 'Hailstone Mariner', 'Patient as the pull of the moon.', 1, 1, 2, 2, 0, 0, 1, 2, 1, 1, 1, false, NOW()),
('card-67', 'tidal_0027', 'Wave Drowned', 'It rose from the lightless trench.', 3, 3, 4, 2, 0, 0, 1, 0, 0, 1, 1, false, NOW()),
('card-68', 'tidal_0028', 'Pearl Oracle', 'Drowned silence follows in its wake.', 2, 2, 3, 0, 0, 0, 1, 0, 0, 1, 1, false, NOW()),
('card-69', 'tidal_0029', 'Brine Turtle', 'Frost rimes its every breath.', 2, 2, 3, 1, 0, 0, 1, 1, 1, 1, 1, false, NOW()),
('card-70', 'tidal_0030', 'Surge Tempest', 'The current bends to its will.', 3, 3, 4, 0, 0, 0, 1, 1, 1, 1, 1, false, NOW()),
('card-71', 'tidal_0031', 'Undine Frostling', 'Drowned silence follows in its wake. Reflection.', 2, 2, 2, 0, 0, 0, 1, 2, 1, 1, 1, false, NOW()),
('card-72', 'tidal_0032', 'Riptide Drowned', 'Drowned silence follows in its wake. Regenerate.', 3, 3, 3, 0, 0, 0, 1, 0, 0, 1, 1, false, NOW()),
('card-73', 'tidal_0033', 'Maelstrom Oracle', 'Drowned silence follows in its wake. Regenerate Left.', 2, 2, 2, 2, 0, 0, 1, 0, 0, 1, 1, false, NOW()),
('card-74', 'tidal_0034', 'Brine Channeler', 'It rose from the lightless trench. Taunt.', 2, 2, 2, 0, 0, 0, 1, 1, 1, 1, 1, false, NOW()),
('card-75', 'tidal_0035', 'Abyss Turtle', 'Drowned silence follows in its wake. Shield.', 2, 2, 2, 0, 0, 0, 1, 2, 1, 1, 1, false, NOW()),
('card-76', 'tidal_0036', 'Abyss Hexer', 'Drowned silence follows in its wake. Taunt.', 2, 2, 2, 0, 0, 0, 1, 1, 1, 1, 1, false, NOW()),
('card-77', 'tidal_0037', 'Deepwater Channeler', 'Frost rimes its every breath.', 3, 3, 4, 1, 0, 0, 1, 2, 1, 1, 1, false, NOW()),
('card-78', 'tidal_0038', 'Frost Nova', 'Drowned silence follows in its wake. Target a unit on play. Freeze, then discard.', 3, 0, 0, 0, 3, 0, 1, NULL, 2, 0, 0, false, NOW()),
('card-79', 'tidal_0039', 'Tideglass Trident', 'Frost rimes its every breath. Attach to a unit on play. Plating for a few turns.', 3, 0, 0, 0, 2, 0, 1, NULL, 2, 0, 0, false, NOW()),
('card-80', 'tidal_0040', 'Frozen Ward', 'Drowned silence follows in its wake. Target a friendly unit on play. Bulwark.', 3, 0, 0, 0, 1, 0, 1, NULL, 2, 0, 0, false, NOW()),
('card-81', 'grove_0001', 'Sylvaan, the Worldroot', 'The grove remembers every wound. Leech, Taunt, Regenerate Left.', 8, 8, 13, 0, 0, 3, 2, 2, 1, 1, 1, false, NOW()),
('card-82', 'grove_0002', 'Mirethorn, the Plagueroot', 'The grove remembers every wound. Regenerate Left, Regenerate, Taunt.', 9, 9, 14, 1, 0, 3, 2, 0, 2, 1, 1, false, NOW()),
('card-83', 'grove_0003', 'Kaelith, Warden of Roots', 'Roots drink deep where it falls. Regenerate, Leech.', 8, 9, 13, 0, 0, 3, 2, 1, 1, 1, 1, false, NOW()),
('card-84', 'grove_0004', 'Fang Treant', 'It regrows faster than steel can cut. Leech.', 6, 6, 8, 0, 0, 2, 2, 0, 0, 1, 1, false, NOW()),
('card-85', 'grove_0005', 'Petal Boar', 'The grove remembers every wound. Regenerate Left, Regenerate.', 7, 6, 9, 0, 0, 2, 2, 2, 2, 1, 1, false, NOW()),
('card-86', 'grove_0006', 'Toxin Bloomling', 'Venom drips from leaf and fang. Poison, Regenerate.', 4, 4, 5, 0, 0, 2, 2, 1, 1, 1, 1, false, NOW()),
('card-87', 'grove_0007', 'Bloom Witch', 'Venom drips from leaf and fang. Regenerate Left, Armor.', 6, 5, 8, 1, 0, 2, 2, 2, 1, 1, 1, false, NOW()),
('card-88', 'grove_0008', 'Wild Serpent', 'Life and rot grow from one seed. Regenerate Left, Regenerate.', 6, 5, 8, 0, 0, 2, 2, 0, 0, 1, 1, false, NOW()),
('card-89', 'grove_0009', 'Entangle', 'The grove remembers every wound. Target a unit on play. Envenom, then discard.', 7, 0, 0, 0, 3, 2, 2, NULL, 2, 0, 0, false, NOW()),
('card-90', 'grove_0010', 'Thornvine Bow', 'Roots drink deep where it falls. Attach to a unit on play. Curse for a few turns.', 6, 0, 0, 0, 2, 2, 2, NULL, 2, 0, 0, false, NOW()),
('card-91', 'grove_0011', 'Moss Spider', 'Venom drips from leaf and fang. Regenerate.', 3, 3, 4, 0, 0, 1, 2, 2, 1, 1, 1, false, NOW()),
('card-92', 'grove_0012', 'Wild Lurker', 'Roots drink deep where it falls. Taunt.', 4, 4, 5, 0, 0, 1, 2, 0, 0, 1, 1, false, NOW()),
('card-93', 'grove_0013', 'Thorn Howler', 'Life and rot grow from one seed. Regenerate Left.', 3, 3, 4, 0, 0, 1, 2, 0, 0, 1, 1, false, NOW()),
('card-94', 'grove_0014', 'Thorn Stalker', 'Venom drips from leaf and fang. Leech.', 4, 4, 5, 0, 0, 1, 2, 1, 1, 1, 1, false, NOW()),
('card-95', 'grove_0015', 'Root Beast', 'Venom drips from leaf and fang. Regenerate Left.', 4, 4, 5, 0, 0, 1, 2, 2, 1, 1, 1, false, NOW()),
('card-96', 'grove_0016', 'Vine Antler', 'It regrows faster than steel can cut. Armor.', 4, 4, 5, 1, 0, 1, 2, 2, 1, 1, 1, false, NOW()),
('card-97', 'grove_0017', 'Vine Warden', 'Life and rot grow from one seed. Leech.', 4, 4, 5, 0, 0, 1, 2, 0, 0, 1, 1, false, NOW()),
('card-98', 'grove_0018', 'Toxin Beast', 'Venom drips from leaf and fang. Regenerate Left.', 4, 4, 5, 0, 0, 1, 2, 0, 0, 1, 1, false, NOW()),
('card-99', 'grove_0019', 'Sap Shaman', 'Life and rot grow from one seed. Regenerate, Poison.', 5, 4, 6, 0, 0, 1, 2, 2, 1, 1, 1, false, NOW()),
('card-100', 'grove_0020', 'Toxic Bloom', 'Roots drink deep where it falls. Target a unit on play. Envenom, then discard.', 5, 0, 0, 0, 3, 1, 2, NULL, 2, 0, 0, false, NOW()),
('card-101', 'grove_0021', 'Barkplate Armor', 'The grove remembers every wound. Attach to a unit on play. Curse for a few turns.', 5, 0, 0, 0, 2, 1, 2, NULL, 2, 0, 0, false, NOW()),
('card-102', 'grove_0022', 'Healing Totem', 'Roots drink deep where it falls. Target a friendly unit on play. Blessing.', 5, 0, 0, 0, 1, 1, 2, NULL, 2, 0, 0, false, NOW()),
('card-103', 'grove_0023', 'Vine Spider', 'Venom drips from leaf and fang.', 2, 2, 3, 0, 0, 0, 2, 0, 0, 1, 1, false, NOW()),
('card-104', 'grove_0024', 'Bramble Howler', 'It regrows faster than steel can cut.', 4, 4, 5, 0, 0, 0, 2, 0, 0, 1, 1, false, NOW()),
('card-105', 'grove_0025', 'Bloom Treant', 'Life and rot grow from one seed.', 3, 3, 4, 0, 0, 0, 2, 2, 1, 1, 1, false, NOW()),
('card-106', 'grove_0026', 'Root Antler', 'It regrows faster than steel can cut.', 2, 2, 3, 0, 0, 0, 2, 0, 0, 1, 1, false, NOW()),
('card-107', 'grove_0027', 'Root Treant', 'Life and rot grow from one seed. Regenerate Left.', 3, 2, 4, 0, 0, 0, 2, 1, 1, 1, 1, false, NOW()),
('card-108', 'grove_0028', 'Bramble Lurker', 'Venom drips from leaf and fang.', 1, 1, 2, 0, 0, 0, 2, 1, 1, 1, 1, false, NOW()),
('card-109', 'grove_0029', 'Moss Antler', 'The grove remembers every wound.', 4, 4, 5, 0, 0, 0, 2, 2, 1, 1, 1, false, NOW()),
('card-110', 'grove_0030', 'Moss Witch', 'Roots drink deep where it falls.', 2, 2, 3, 0, 0, 0, 2, 0, 0, 1, 1, false, NOW()),
('card-111', 'grove_0031', 'Fang Spriggan', 'Life and rot grow from one seed. Taunt.', 2, 2, 2, 0, 0, 0, 2, 2, 1, 1, 1, false, NOW()),
('card-112', 'grove_0032', 'Briar Spider', 'The grove remembers every wound. Poison.', 2, 2, 2, 1, 0, 0, 2, 1, 1, 1, 1, false, NOW()),
('card-113', 'grove_0033', 'Sap Venomspine', 'It regrows faster than steel can cut.', 1, 1, 2, 0, 0, 0, 2, 0, 0, 1, 1, false, NOW()),
('card-114', 'grove_0034', 'Wild Boar', 'The grove remembers every wound. Poison.', 3, 2, 4, 0, 0, 0, 2, 0, 0, 1, 1, false, NOW()),
('card-115', 'grove_0035', 'Toxin Guardian', 'Roots drink deep where it falls.', 3, 3, 4, 1, 0, 0, 2, 1, 1, 1, 1, false, NOW()),
('card-116', 'grove_0036', 'Spore Ent', 'Roots drink deep where it falls.', 3, 3, 4, 0, 0, 0, 2, 1, 1, 1, 1, false, NOW()),
('card-117', 'grove_0037', 'Bramble Venomspine', 'Venom drips from leaf and fang. Regenerate.', 4, 3, 5, 0, 0, 0, 2, 1, 1, 1, 1, false, NOW()),
('card-118', 'grove_0038', 'Wild Growth', 'Life and rot grow from one seed. Target a unit on play. Envenom, then discard.', 3, 0, 0, 0, 3, 0, 2, NULL, 2, 0, 0, false, NOW()),
('card-119', 'grove_0039', 'Venomfang Sickle', 'The grove remembers every wound. Attach to a unit on play. Curse for a few turns.', 3, 0, 0, 0, 2, 0, 2, NULL, 2, 0, 0, false, NOW()),
('card-120', 'grove_0040', 'Verdant Ritual', 'Roots drink deep where it falls. Target a friendly unit on play. Blessing.', 2, 0, 0, 0, 1, 0, 2, NULL, 2, 0, 0, false, NOW()),
('card-121', 'alloy_0001', 'Magnaron, the Iron Wall', 'It answers only to the foundry. Trample, Cleave, Last Stand.', 8, 7, 14, 3, 0, 3, 3, 0, 0, 1, 1, false, NOW()),
('card-122', 'alloy_0002', 'Cogsworth Prime', 'Built to outlast every siege. Shield, Reflection.', 10, 9, 17, 0, 0, 3, 3, 1, 1, 1, 1, false, NOW()),
('card-123', 'alloy_0003', 'Aurex, the Living Bastion', 'Gears grind on long after flesh tires. Shield, Armor.', 8, 8, 14, 3, 0, 3, 3, 0, 0, 1, 1, false, NOW()),
('card-124', 'alloy_0004', 'Steel Colossus', 'It answers only to the foundry. Taunt.', 6, 5, 9, 3, 0, 2, 3, 1, 1, 1, 1, false, NOW()),
('card-125', 'alloy_0005', 'Tungsten Marshal', 'Built to outlast every siege. Armor, Taunt.', 6, 5, 8, 3, 0, 2, 3, 1, 1, 1, 1, false, NOW()),
('card-126', 'alloy_0006', 'Bronze Sentry', 'It answers only to the foundry. Shield.', 7, 6, 10, 1, 0, 2, 3, 1, 1, 1, 1, false, NOW()),
('card-127', 'alloy_0007', 'Piston Sentry', 'Gears grind on long after flesh tires. Trample, Last Stand.', 6, 5, 8, 0, 0, 2, 3, 2, 1, 1, 1, false, NOW()),
('card-128', 'alloy_0008', 'Rivet Colossus', 'It answers only to the foundry. Reflection.', 6, 5, 9, 1, 0, 2, 3, 1, 2, 1, 1, false, NOW()),
('card-129', 'alloy_0009', 'Overcharge', 'Built to outlast every siege. Target a unit on play. Strike, then discard.', 6, 0, 0, 0, 3, 2, 3, NULL, 2, 0, 0, false, NOW()),
('card-130', 'alloy_0010', 'Tungsten Greataxe', 'Gears grind on long after flesh tires. Attach to a unit on play. Plating for a few turns.', 5, 0, 0, 0, 2, 2, 3, NULL, 2, 0, 0, false, NOW()),
('card-131', 'alloy_0011', 'Plated Colossus', 'Built to outlast every siege. Trample.', 3, 3, 4, 2, 0, 1, 3, 2, 1, 1, 1, false, NOW()),
('card-132', 'alloy_0012', 'Rune Automaton', 'Built to outlast every siege. Armor.', 6, 5, 8, 3, 0, 1, 3, 2, 1, 1, 1, false, NOW()),
('card-133', 'alloy_0013', 'Piston Vanguard', 'Built to outlast every siege. Armor.', 4, 3, 6, 3, 0, 1, 3, 0, 0, 1, 1, false, NOW()),
('card-134', 'alloy_0014', 'Gear Automaton', 'Gears grind on long after flesh tires. Taunt.', 3, 3, 4, 0, 0, 1, 3, 0, 0, 1, 1, false, NOW()),
('card-135', 'alloy_0015', 'Bronze Reckoner', 'Built to outlast every siege. Armor.', 6, 5, 8, 3, 0, 1, 3, 0, 0, 1, 1, false, NOW()),
('card-136', 'alloy_0016', 'Plated Sentinel', 'It answers only to the foundry. Cleave.', 3, 3, 4, 1, 0, 1, 3, 0, 0, 1, 1, false, NOW()),
('card-137', 'alloy_0017', 'Bolt Colossus', 'No blade has found its seam. Reflection.', 6, 5, 8, 0, 0, 1, 3, 2, 1, 1, 1, false, NOW()),
('card-138', 'alloy_0018', 'Rune Reckoner', 'Gears grind on long after flesh tires. Armor, Cleave.', 4, 3, 5, 3, 0, 1, 3, 2, 1, 1, 1, false, NOW()),
('card-139', 'alloy_0019', 'Tungsten Bastion', 'It answers only to the foundry. Shield, Armor.', 5, 4, 6, 2, 0, 1, 3, 2, 1, 1, 1, false, NOW()),
('card-140', 'alloy_0020', 'Steel Rain', 'Built to outlast every siege. Target a unit on play. Strike, then discard.', 3, 0, 0, 0, 3, 1, 3, NULL, 2, 0, 0, false, NOW()),
('card-141', 'alloy_0021', 'Aegis Plating', 'Gears grind on long after flesh tires. Attach to a unit on play. Plating for a few turns.', 4, 0, 0, 0, 2, 1, 3, NULL, 2, 0, 0, false, NOW()),
('card-142', 'alloy_0022', 'Repair Bay', 'No blade has found its seam. Target a friendly unit on play. Bulwark.', 3, 0, 0, 0, 1, 1, 3, NULL, 2, 0, 0, false, NOW()),
('card-143', 'alloy_0023', 'Iron Sentry', 'Gears grind on long after flesh tires.', 3, 3, 4, 2, 0, 0, 3, 0, 0, 1, 1, false, NOW()),
('card-144', 'alloy_0024', 'Chrome Sentry', 'It answers only to the foundry.', 3, 3, 4, 2, 0, 0, 3, 0, 0, 1, 1, false, NOW()),
('card-145', 'alloy_0025', 'Steel Construct', 'Built to outlast every siege.', 2, 2, 3, 0, 0, 0, 3, 2, 1, 1, 1, false, NOW()),
('card-146', 'alloy_0026', 'Forge Automaton', 'No blade has found its seam.', 2, 2, 3, 2, 0, 0, 3, 1, 1, 1, 1, false, NOW()),
('card-147', 'alloy_0027', 'Bolt Automaton', 'No blade has found its seam. Reflection.', 3, 2, 4, 1, 0, 0, 3, 0, 0, 1, 1, false, NOW()),
('card-148', 'alloy_0028', 'Chrome Vanguard', 'Bolts tighten as the battle wears on.', 2, 2, 3, 1, 0, 0, 3, 1, 1, 1, 1, false, NOW()),
('card-149', 'alloy_0029', 'Iron Turret', 'No blade has found its seam. Taunt.', 2, 1, 3, 3, 0, 0, 3, 0, 0, 1, 1, false, NOW()),
('card-150', 'alloy_0030', 'Chrome Golem', 'Bolts tighten as the battle wears on.', 3, 3, 4, 2, 0, 0, 3, 0, 0, 1, 1, false, NOW()),
('card-151', 'alloy_0031', 'Brass Warforged', 'Gears grind on long after flesh tires. Last Stand.', 2, 1, 3, 1, 0, 0, 3, 2, 1, 1, 1, false, NOW()),
('card-152', 'alloy_0032', 'Piston Defender', 'It answers only to the foundry.', 3, 3, 4, 0, 0, 0, 3, 1, 1, 1, 1, false, NOW()),
('card-153', 'alloy_0033', 'Steel Engine', 'Bolts tighten as the battle wears on. Taunt.', 3, 2, 4, 2, 0, 0, 3, 0, 0, 1, 1, false, NOW()),
('card-154', 'alloy_0034', 'Gear Vanguard', 'It answers only to the foundry. Armor.', 2, 1, 3, 2, 0, 0, 3, 1, 1, 1, 1, false, NOW()),
('card-155', 'alloy_0035', 'Iron Warforged', 'Gears grind on long after flesh tires.', 2, 2, 3, 0, 0, 0, 3, 1, 1, 1, 1, false, NOW()),
('card-156', 'alloy_0036', 'Cog Golem', 'No blade has found its seam.', 1, 1, 2, 1, 0, 0, 3, 0, 0, 1, 1, false, NOW()),
('card-157', 'alloy_0037', 'Piston Reckoner', 'Gears grind on long after flesh tires.', 2, 2, 3, 2, 0, 0, 3, 0, 0, 1, 1, false, NOW()),
('card-158', 'alloy_0038', 'System Shock', 'Built to outlast every siege. Target a unit on play. Strike, then discard.', 2, 0, 0, 0, 3, 0, 3, NULL, 2, 0, 0, false, NOW()),
('card-159', 'alloy_0039', 'Pneumatic Hammer', 'Gears grind on long after flesh tires. Attach to a unit on play. Plating for a few turns.', 3, 0, 0, 0, 2, 0, 3, NULL, 2, 0, 0, false, NOW()),
('card-160', 'alloy_0040', 'Power Core', 'Bolts tighten as the battle wears on. Target a friendly unit on play. Bulwark.', 2, 0, 0, 0, 1, 0, 3, NULL, 2, 0, 0, false, NOW()),
('card-161', 'void_0001', 'Nyxara, the Unmaking', 'It remembers a world that never was. Enrage, Stun, Fly.', 8, 10, 11, 0, 0, 3, 4, 1, 1, 1, 1, false, NOW()),
('card-162', 'void_0002', 'Vorthal, Eye of the Rift', 'A whisper from beyond the rift. Stun, Haste, Poison.', 8, 10, 11, 0, 0, 3, 4, 2, 1, 1, 1, false, NOW()),
('card-163', 'void_0003', 'Mordreth the Hollow King', 'Light bends and dies around it. Fly, Stun.', 7, 9, 11, 0, 0, 3, 4, 1, 1, 1, 1, false, NOW()),
('card-164', 'void_0004', 'Oblivion Specter', 'Where it gazes, things cease to be. Poison.', 5, 6, 6, 0, 0, 2, 4, 2, 1, 1, 1, false, NOW()),
('card-165', 'void_0005', 'Null Sorcerer', 'It remembers a world that never was. Enrage.', 6, 7, 7, 1, 0, 2, 4, 1, 1, 1, 1, false, NOW()),
('card-166', 'void_0006', 'Hollow Banshee', 'Light bends and dies around it. Last Stand.', 6, 7, 7, 0, 0, 2, 4, 0, 0, 1, 1, false, NOW()),
('card-167', 'void_0007', 'Null Banshee', 'Where it gazes, things cease to be. Last Stand.', 5, 6, 6, 0, 0, 2, 4, 0, 2, 1, 1, false, NOW()),
('card-168', 'void_0008', 'Shadow Maw', 'Where it gazes, things cease to be. Execute.', 6, 7, 7, 0, 0, 2, 4, 2, 1, 1, 1, false, NOW()),
('card-169', 'void_0009', 'Void Bolt', 'A whisper from beyond the rift. Target a unit on play. Strike, then discard.', 6, 0, 0, 0, 3, 2, 4, NULL, 2, 0, 0, false, NOW()),
('card-170', 'void_0010', 'Nightfang Dagger', 'Light bends and dies around it. Attach to a unit on play. Curse for a few turns.', 8, 0, 0, 0, 2, 2, 4, NULL, 2, 0, 0, false, NOW()),
('card-171', 'void_0011', 'Abyssal Acolyte', 'Light bends and dies around it. Fly.', 3, 4, 3, 0, 0, 1, 4, 1, 1, 1, 1, false, NOW()),
('card-172', 'void_0012', 'Rift Specter', 'It remembers a world that never was. Last Stand, Poison.', 5, 5, 5, 0, 0, 1, 4, 0, 0, 1, 1, false, NOW()),
('card-173', 'void_0013', 'Eclipse Eidolon', 'Light bends and dies around it. Execute.', 4, 4, 5, 0, 0, 1, 4, 2, 1, 1, 1, false, NOW()),
('card-174', 'void_0014', 'Rift Drifter', 'It remembers a world that never was. Last Stand.', 5, 6, 5, 0, 0, 1, 4, 1, 1, 1, 1, false, NOW()),
('card-175', 'void_0015', 'Void Stalker', 'It remembers a world that never was. Leech, Poison.', 4, 4, 4, 0, 0, 1, 4, 2, 1, 1, 1, false, NOW()),
('card-176', 'void_0016', 'Gloom Specter', 'Where it gazes, things cease to be. Stun.', 4, 4, 5, 0, 0, 1, 4, 0, 0, 1, 1, false, NOW()),
('card-177', 'void_0017', 'Eclipse Stalker', 'It feeds on what it unmakes. Haste.', 3, 4, 3, 0, 0, 1, 4, 2, 1, 1, 1, false, NOW()),
('card-178', 'void_0018', 'Whisper Warlock', 'It remembers a world that never was. Poison.', 4, 4, 5, 0, 0, 1, 4, 2, 1, 1, 1, false, NOW()),
('card-179', 'void_0019', 'Wraith Shade', 'A whisper from beyond the rift. Fly.', 4, 4, 5, 0, 0, 1, 4, 2, 1, 1, 1, false, NOW()),
('card-180', 'void_0020', 'Soul Drain', 'It feeds on what it unmakes. Target a unit on play. Strike, then discard.', 4, 0, 0, 0, 3, 1, 4, NULL, 2, 0, 0, false, NOW()),
('card-181', 'void_0021', 'Shroud of Umbra', 'It remembers a world that never was. Attach to a unit on play. Curse for a few turns.', 5, 0, 0, 0, 2, 1, 4, NULL, 2, 0, 0, false, NOW()),
('card-182', 'void_0022', 'Cursed Sigil', 'It feeds on what it unmakes. Target a friendly unit on play. Blessing.', 4, 0, 0, 0, 1, 1, 4, NULL, 2, 0, 0, false, NOW()),
('card-183', 'void_0023', 'Umbra Eidolon', 'It feeds on what it unmakes. Stun.', 3, 3, 3, 0, 0, 0, 4, 1, 1, 1, 1, false, NOW()),
('card-184', 'void_0024', 'Null Acolyte', 'A whisper from beyond the rift. Leech.', 3, 3, 3, 0, 0, 0, 4, 1, 1, 1, 1, false, NOW()),
('card-185', 'void_0025', 'Null Horror', 'Light bends and dies around it.', 2, 2, 3, 0, 0, 0, 4, 2, 1, 1, 1, false, NOW()),
('card-186', 'void_0026', 'Rift Apparition', 'Where it gazes, things cease to be. Leech.', 2, 2, 2, 0, 0, 0, 4, 2, 1, 1, 1, false, NOW()),
('card-187', 'void_0027', 'Hollow Stalker', 'A whisper from beyond the rift.', 2, 2, 3, 0, 0, 0, 4, 2, 1, 1, 1, false, NOW()),
('card-188', 'void_0028', 'Abyssal Specter', 'It feeds on what it unmakes.', 2, 2, 3, 0, 0, 0, 4, 2, 1, 1, 1, false, NOW()),
('card-189', 'void_0029', 'Null Specter', 'It remembers a world that never was.', 3, 4, 3, 0, 0, 0, 4, 2, 1, 1, 1, false, NOW()),
('card-190', 'void_0030', 'Whisper Drifter', 'Where it gazes, things cease to be.', 2, 2, 3, 0, 0, 0, 4, 1, 1, 1, 1, false, NOW()),
('card-191', 'void_0031', 'Whisper Fiend', 'Light bends and dies around it.', 1, 2, 1, 0, 0, 0, 4, 2, 1, 1, 1, false, NOW()),
('card-192', 'void_0032', 'Void Banshee', 'It remembers a world that never was. Last Stand.', 3, 3, 3, 0, 0, 0, 4, 0, 0, 1, 1, false, NOW()),
('card-193', 'void_0033', 'Wraith Sorcerer', 'Light bends and dies around it. Execute.', 2, 2, 2, 0, 0, 0, 4, 2, 1, 1, 1, false, NOW()),
('card-194', 'void_0034', 'Null Revenant', 'A whisper from beyond the rift. Execute.', 3, 3, 3, 0, 0, 0, 4, 1, 1, 1, 1, false, NOW()),
('card-195', 'void_0035', 'Hollow Herald', 'It feeds on what it unmakes.', 3, 4, 3, 0, 0, 0, 4, 2, 1, 1, 1, false, NOW()),
('card-196', 'void_0036', 'Nether Banshee', 'Where it gazes, things cease to be.', 2, 2, 3, 0, 0, 0, 4, 2, 1, 1, 1, false, NOW()),
('card-197', 'void_0037', 'Oblivion Eidolon', 'It feeds on what it unmakes. Leech.', 1, 1, 1, 0, 0, 0, 4, 2, 1, 1, 1, false, NOW()),
('card-198', 'void_0038', 'Eclipse', 'Where it gazes, things cease to be. Target a unit on play. Strike, then discard.', 3, 0, 0, 0, 3, 0, 4, NULL, 2, 0, 0, false, NOW()),
('card-199', 'void_0039', 'Starless Scepter', 'It remembers a world that never was. Attach to a unit on play. Curse for a few turns.', 3, 0, 0, 0, 2, 0, 4, NULL, 2, 0, 0, false, NOW()),
('card-200', 'void_0040', 'Rift Beacon', 'It remembers a world that never was. Target a friendly unit on play. Blessing.', 2, 0, 0, 0, 1, 0, 4, NULL, 2, 0, 0, false, NOW());

-- 201 card/ability links (units only).
INSERT INTO card_abilities (id, card_definition_id, ability_definition_id, sequence) VALUES
('ca-1', 'card-1', 'ability-5', 0),
('ca-2', 'card-1', 'ability-11', 1),
('ca-3', 'card-1', 'ability-12', 2),
('ca-4', 'card-2', 'ability-12', 0),
('ca-5', 'card-2', 'ability-7', 1),
('ca-6', 'card-2', 'ability-13', 2),
('ca-7', 'card-3', 'ability-4', 0),
('ca-8', 'card-3', 'ability-8', 1),
('ca-9', 'card-4', 'ability-8', 0),
('ca-10', 'card-4', 'ability-11', 1),
('ca-11', 'card-5', 'ability-4', 0),
('ca-12', 'card-6', 'ability-8', 0),
('ca-13', 'card-6', 'ability-11', 1),
('ca-14', 'card-7', 'ability-13', 0),
('ca-15', 'card-7', 'ability-8', 1),
('ca-16', 'card-8', 'ability-5', 0),
('ca-17', 'card-8', 'ability-8', 1),
('ca-18', 'card-9', 'ability-17', 0),
('ca-19', 'card-10', 'ability-21', 0),
('ca-20', 'card-11', 'ability-8', 0),
('ca-21', 'card-12', 'ability-8', 0),
('ca-22', 'card-13', 'ability-4', 0),
('ca-23', 'card-14', 'ability-8', 0),
('ca-24', 'card-15', 'ability-12', 0),
('ca-25', 'card-16', 'ability-8', 0),
('ca-26', 'card-17', 'ability-12', 0),
('ca-27', 'card-18', 'ability-8', 0),
('ca-28', 'card-19', 'ability-13', 0),
('ca-29', 'card-20', 'ability-17', 0),
('ca-30', 'card-21', 'ability-21', 0),
('ca-31', 'card-22', 'ability-25', 0),
('ca-32', 'card-23', 'ability-11', 0),
('ca-33', 'card-24', 'ability-11', 0),
('ca-34', 'card-26', 'ability-11', 0),
('ca-35', 'card-27', 'ability-7', 0),
('ca-36', 'card-29', 'ability-8', 0),
('ca-37', 'card-34', 'ability-11', 0),
('ca-38', 'card-36', 'ability-5', 0),
('ca-39', 'card-37', 'ability-12', 0),
('ca-40', 'card-38', 'ability-17', 0),
('ca-41', 'card-39', 'ability-21', 0),
('ca-42', 'card-40', 'ability-25', 0),
('ca-43', 'card-41', 'ability-6', 0),
('ca-44', 'card-41', 'ability-3', 1),
('ca-45', 'card-42', 'ability-2', 0),
('ca-46', 'card-42', 'ability-6', 1),
('ca-47', 'card-42', 'ability-16', 2),
('ca-48', 'card-43', 'ability-2', 0),
('ca-49', 'card-43', 'ability-16', 1),
('ca-50', 'card-44', 'ability-16', 0),
('ca-51', 'card-44', 'ability-10', 1),
('ca-52', 'card-45', 'ability-6', 0),
('ca-53', 'card-46', 'ability-1', 0),
('ca-54', 'card-46', 'ability-3', 1),
('ca-55', 'card-47', 'ability-1', 0),
('ca-56', 'card-48', 'ability-2', 0),
('ca-57', 'card-48', 'ability-1', 1),
('ca-58', 'card-49', 'ability-20', 0),
('ca-59', 'card-50', 'ability-22', 0),
('ca-60', 'card-51', 'ability-6', 0),
('ca-61', 'card-52', 'ability-2', 0),
('ca-62', 'card-53', 'ability-2', 0),
('ca-63', 'card-54', 'ability-2', 0),
('ca-64', 'card-55', 'ability-14', 0),
('ca-65', 'card-55', 'ability-2', 1),
('ca-66', 'card-56', 'ability-16', 0),
('ca-67', 'card-57', 'ability-6', 0),
('ca-68', 'card-58', 'ability-2', 0),
('ca-69', 'card-58', 'ability-16', 1),
('ca-70', 'card-59', 'ability-1', 0),
('ca-71', 'card-60', 'ability-20', 0),
('ca-72', 'card-61', 'ability-22', 0),
('ca-73', 'card-62', 'ability-24', 0),
('ca-74', 'card-63', 'ability-2', 0),
('ca-75', 'card-64', 'ability-1', 0),
('ca-76', 'card-71', 'ability-14', 0),
('ca-77', 'card-72', 'ability-16', 0),
('ca-78', 'card-73', 'ability-9', 0),
('ca-79', 'card-74', 'ability-10', 0),
('ca-80', 'card-75', 'ability-2', 0),
('ca-81', 'card-76', 'ability-10', 0),
('ca-82', 'card-78', 'ability-20', 0),
('ca-83', 'card-79', 'ability-22', 0),
('ca-84', 'card-80', 'ability-24', 0),
('ca-85', 'card-81', 'ability-7', 0),
('ca-86', 'card-81', 'ability-10', 1),
('ca-87', 'card-81', 'ability-9', 2),
('ca-88', 'card-82', 'ability-9', 0),
('ca-89', 'card-82', 'ability-16', 1),
('ca-90', 'card-82', 'ability-10', 2),
('ca-91', 'card-83', 'ability-16', 0),
('ca-92', 'card-83', 'ability-7', 1),
('ca-93', 'card-84', 'ability-7', 0),
('ca-94', 'card-85', 'ability-9', 0),
('ca-95', 'card-85', 'ability-16', 1),
('ca-96', 'card-86', 'ability-5', 0),
('ca-97', 'card-86', 'ability-16', 1),
('ca-98', 'card-87', 'ability-9', 0),
('ca-99', 'card-87', 'ability-1', 1),
('ca-100', 'card-88', 'ability-9', 0),
('ca-101', 'card-88', 'ability-16', 1),
('ca-102', 'card-89', 'ability-19', 0),
('ca-103', 'card-90', 'ability-23', 0),
('ca-104', 'card-91', 'ability-16', 0),
('ca-105', 'card-92', 'ability-10', 0),
('ca-106', 'card-93', 'ability-9', 0),
('ca-107', 'card-94', 'ability-7', 0),
('ca-108', 'card-95', 'ability-9', 0),
('ca-109', 'card-96', 'ability-1', 0),
('ca-110', 'card-97', 'ability-7', 0),
('ca-111', 'card-98', 'ability-9', 0),
('ca-112', 'card-99', 'ability-16', 0),
('ca-113', 'card-99', 'ability-5', 1),
('ca-114', 'card-100', 'ability-19', 0),
('ca-115', 'card-101', 'ability-23', 0),
('ca-116', 'card-102', 'ability-25', 0),
('ca-117', 'card-107', 'ability-9', 0),
('ca-118', 'card-111', 'ability-10', 0),
('ca-119', 'card-112', 'ability-5', 0),
('ca-120', 'card-114', 'ability-5', 0),
('ca-121', 'card-117', 'ability-16', 0),
('ca-122', 'card-118', 'ability-19', 0),
('ca-123', 'card-119', 'ability-23', 0),
('ca-124', 'card-120', 'ability-25', 0),
('ca-125', 'card-121', 'ability-4', 0),
('ca-126', 'card-121', 'ability-12', 1),
('ca-127', 'card-121', 'ability-15', 2),
('ca-128', 'card-122', 'ability-2', 0),
('ca-129', 'card-122', 'ability-14', 1),
('ca-130', 'card-123', 'ability-2', 0),
('ca-131', 'card-123', 'ability-1', 1),
('ca-132', 'card-124', 'ability-10', 0),
('ca-133', 'card-125', 'ability-1', 0),
('ca-134', 'card-125', 'ability-10', 1),
('ca-135', 'card-126', 'ability-2', 0),
('ca-136', 'card-127', 'ability-4', 0),
('ca-137', 'card-127', 'ability-15', 1),
('ca-138', 'card-128', 'ability-14', 0),
('ca-139', 'card-129', 'ability-17', 0),
('ca-140', 'card-130', 'ability-22', 0),
('ca-141', 'card-131', 'ability-4', 0),
('ca-142', 'card-132', 'ability-1', 0),
('ca-143', 'card-133', 'ability-1', 0),
('ca-144', 'card-134', 'ability-10', 0),
('ca-145', 'card-135', 'ability-1', 0),
('ca-146', 'card-136', 'ability-12', 0),
('ca-147', 'card-137', 'ability-14', 0),
('ca-148', 'card-138', 'ability-1', 0),
('ca-149', 'card-138', 'ability-12', 1),
('ca-150', 'card-139', 'ability-2', 0),
('ca-151', 'card-139', 'ability-1', 1),
('ca-152', 'card-140', 'ability-17', 0),
('ca-153', 'card-141', 'ability-22', 0),
('ca-154', 'card-142', 'ability-24', 0),
('ca-155', 'card-147', 'ability-14', 0),
('ca-156', 'card-149', 'ability-10', 0),
('ca-157', 'card-151', 'ability-15', 0),
('ca-158', 'card-153', 'ability-10', 0),
('ca-159', 'card-154', 'ability-1', 0),
('ca-160', 'card-158', 'ability-17', 0),
('ca-161', 'card-159', 'ability-22', 0),
('ca-162', 'card-160', 'ability-24', 0),
('ca-163', 'card-161', 'ability-8', 0),
('ca-164', 'card-161', 'ability-6', 1),
('ca-165', 'card-161', 'ability-3', 2),
('ca-166', 'card-162', 'ability-6', 0),
('ca-167', 'card-162', 'ability-11', 1),
('ca-168', 'card-162', 'ability-5', 2),
('ca-169', 'card-163', 'ability-3', 0),
('ca-170', 'card-163', 'ability-6', 1),
('ca-171', 'card-164', 'ability-5', 0),
('ca-172', 'card-165', 'ability-8', 0),
('ca-173', 'card-166', 'ability-15', 0),
('ca-174', 'card-167', 'ability-15', 0),
('ca-175', 'card-168', 'ability-13', 0),
('ca-176', 'card-169', 'ability-17', 0),
('ca-177', 'card-170', 'ability-23', 0),
('ca-178', 'card-171', 'ability-3', 0),
('ca-179', 'card-172', 'ability-15', 0),
('ca-180', 'card-172', 'ability-5', 1),
('ca-181', 'card-173', 'ability-13', 0),
('ca-182', 'card-174', 'ability-15', 0),
('ca-183', 'card-175', 'ability-7', 0),
('ca-184', 'card-175', 'ability-5', 1),
('ca-185', 'card-176', 'ability-6', 0),
('ca-186', 'card-177', 'ability-11', 0),
('ca-187', 'card-178', 'ability-5', 0),
('ca-188', 'card-179', 'ability-3', 0),
('ca-189', 'card-180', 'ability-17', 0),
('ca-190', 'card-181', 'ability-23', 0),
('ca-191', 'card-182', 'ability-25', 0),
('ca-192', 'card-183', 'ability-6', 0),
('ca-193', 'card-184', 'ability-7', 0),
('ca-194', 'card-186', 'ability-7', 0),
('ca-195', 'card-192', 'ability-15', 0),
('ca-196', 'card-193', 'ability-13', 0),
('ca-197', 'card-194', 'ability-13', 0),
('ca-198', 'card-197', 'ability-7', 0),
('ca-199', 'card-198', 'ability-17', 0),
('ca-200', 'card-199', 'ability-23', 0),
('ca-201', 'card-200', 'ability-25', 0);

-- Starter decks (2 per user).
INSERT INTO decks (id, user_id, deck_id, display_name, created_at) VALUES
('deck-1', 'user-1', 'deck_playerone_ember', 'Ember Aggro', NOW()),
('deck-2', 'user-1', 'deck_playerone_alloy', 'Alloy Wall', NOW()),
('deck-3', 'user-2', 'deck_playertwo_grove', 'Grove Venom', NOW()),
('deck-4', 'user-2', 'deck_playertwo_void', 'Void Tempo', NOW());

INSERT INTO deck_cards (id, deck_id, card_definition_id, position, created_at) VALUES
('dc-deck-1-0', 'deck-1', 'card-24', 0, NOW()),
('dc-deck-1-1', 'deck-1', 'card-24', 1, NOW()),
('dc-deck-1-2', 'deck-1', 'card-25', 2, NOW()),
('dc-deck-1-3', 'deck-1', 'card-25', 3, NOW()),
('dc-deck-1-4', 'deck-1', 'card-27', 4, NOW()),
('dc-deck-1-5', 'deck-1', 'card-27', 5, NOW()),
('dc-deck-1-6', 'deck-1', 'card-30', 6, NOW()),
('dc-deck-1-7', 'deck-1', 'card-30', 7, NOW()),
('dc-deck-1-8', 'deck-1', 'card-32', 8, NOW()),
('dc-deck-1-9', 'deck-1', 'card-32', 9, NOW()),
('dc-deck-1-10', 'deck-1', 'card-34', 10, NOW()),
('dc-deck-1-11', 'deck-1', 'card-34', 11, NOW()),
('dc-deck-1-12', 'deck-1', 'card-35', 12, NOW()),
('dc-deck-1-13', 'deck-1', 'card-35', 13, NOW()),
('dc-deck-1-14', 'deck-1', 'card-37', 14, NOW()),
('dc-deck-1-15', 'deck-1', 'card-37', 15, NOW()),
('dc-deck-1-16', 'deck-1', 'card-11', 16, NOW()),
('dc-deck-1-17', 'deck-1', 'card-11', 17, NOW()),
('dc-deck-1-18', 'deck-1', 'card-16', 18, NOW()),
('dc-deck-1-19', 'deck-1', 'card-16', 19, NOW()),
('dc-deck-1-20', 'deck-1', 'card-23', 20, NOW()),
('dc-deck-1-21', 'deck-1', 'card-23', 21, NOW()),
('dc-deck-1-22', 'deck-1', 'card-26', 22, NOW()),
('dc-deck-1-23', 'deck-1', 'card-26', 23, NOW()),
('dc-deck-2-0', 'deck-2', 'card-156', 0, NOW()),
('dc-deck-2-1', 'deck-2', 'card-156', 1, NOW()),
('dc-deck-2-2', 'deck-2', 'card-145', 2, NOW()),
('dc-deck-2-3', 'deck-2', 'card-145', 3, NOW()),
('dc-deck-2-4', 'deck-2', 'card-146', 4, NOW()),
('dc-deck-2-5', 'deck-2', 'card-146', 5, NOW()),
('dc-deck-2-6', 'deck-2', 'card-148', 6, NOW()),
('dc-deck-2-7', 'deck-2', 'card-148', 7, NOW()),
('dc-deck-2-8', 'deck-2', 'card-149', 8, NOW()),
('dc-deck-2-9', 'deck-2', 'card-149', 9, NOW()),
('dc-deck-2-10', 'deck-2', 'card-151', 10, NOW()),
('dc-deck-2-11', 'deck-2', 'card-151', 11, NOW()),
('dc-deck-2-12', 'deck-2', 'card-154', 12, NOW()),
('dc-deck-2-13', 'deck-2', 'card-154', 13, NOW()),
('dc-deck-2-14', 'deck-2', 'card-155', 14, NOW()),
('dc-deck-2-15', 'deck-2', 'card-155', 15, NOW()),
('dc-deck-2-16', 'deck-2', 'card-157', 16, NOW()),
('dc-deck-2-17', 'deck-2', 'card-157', 17, NOW()),
('dc-deck-2-18', 'deck-2', 'card-131', 18, NOW()),
('dc-deck-2-19', 'deck-2', 'card-131', 19, NOW()),
('dc-deck-2-20', 'deck-2', 'card-134', 20, NOW()),
('dc-deck-2-21', 'deck-2', 'card-134', 21, NOW()),
('dc-deck-2-22', 'deck-2', 'card-136', 22, NOW()),
('dc-deck-2-23', 'deck-2', 'card-136', 23, NOW()),
('dc-deck-3-0', 'deck-3', 'card-108', 0, NOW()),
('dc-deck-3-1', 'deck-3', 'card-108', 1, NOW()),
('dc-deck-3-2', 'deck-3', 'card-113', 2, NOW()),
('dc-deck-3-3', 'deck-3', 'card-113', 3, NOW()),
('dc-deck-3-4', 'deck-3', 'card-103', 4, NOW()),
('dc-deck-3-5', 'deck-3', 'card-103', 5, NOW()),
('dc-deck-3-6', 'deck-3', 'card-106', 6, NOW()),
('dc-deck-3-7', 'deck-3', 'card-106', 7, NOW()),
('dc-deck-3-8', 'deck-3', 'card-110', 8, NOW()),
('dc-deck-3-9', 'deck-3', 'card-110', 9, NOW()),
('dc-deck-3-10', 'deck-3', 'card-111', 10, NOW()),
('dc-deck-3-11', 'deck-3', 'card-111', 11, NOW()),
('dc-deck-3-12', 'deck-3', 'card-112', 12, NOW()),
('dc-deck-3-13', 'deck-3', 'card-112', 13, NOW()),
('dc-deck-3-14', 'deck-3', 'card-91', 14, NOW()),
('dc-deck-3-15', 'deck-3', 'card-91', 15, NOW()),
('dc-deck-3-16', 'deck-3', 'card-93', 16, NOW()),
('dc-deck-3-17', 'deck-3', 'card-93', 17, NOW()),
('dc-deck-3-18', 'deck-3', 'card-105', 18, NOW()),
('dc-deck-3-19', 'deck-3', 'card-105', 19, NOW()),
('dc-deck-3-20', 'deck-3', 'card-107', 20, NOW()),
('dc-deck-3-21', 'deck-3', 'card-107', 21, NOW()),
('dc-deck-3-22', 'deck-3', 'card-114', 22, NOW()),
('dc-deck-3-23', 'deck-3', 'card-114', 23, NOW()),
('dc-deck-4-0', 'deck-4', 'card-191', 0, NOW()),
('dc-deck-4-1', 'deck-4', 'card-191', 1, NOW()),
('dc-deck-4-2', 'deck-4', 'card-197', 2, NOW()),
('dc-deck-4-3', 'deck-4', 'card-197', 3, NOW()),
('dc-deck-4-4', 'deck-4', 'card-185', 4, NOW()),
('dc-deck-4-5', 'deck-4', 'card-185', 5, NOW()),
('dc-deck-4-6', 'deck-4', 'card-186', 6, NOW()),
('dc-deck-4-7', 'deck-4', 'card-186', 7, NOW()),
('dc-deck-4-8', 'deck-4', 'card-187', 8, NOW()),
('dc-deck-4-9', 'deck-4', 'card-187', 9, NOW()),
('dc-deck-4-10', 'deck-4', 'card-188', 10, NOW()),
('dc-deck-4-11', 'deck-4', 'card-188', 11, NOW()),
('dc-deck-4-12', 'deck-4', 'card-190', 12, NOW()),
('dc-deck-4-13', 'deck-4', 'card-190', 13, NOW()),
('dc-deck-4-14', 'deck-4', 'card-193', 14, NOW()),
('dc-deck-4-15', 'deck-4', 'card-193', 15, NOW()),
('dc-deck-4-16', 'deck-4', 'card-196', 16, NOW()),
('dc-deck-4-17', 'deck-4', 'card-196', 17, NOW()),
('dc-deck-4-18', 'deck-4', 'card-171', 18, NOW()),
('dc-deck-4-19', 'deck-4', 'card-171', 19, NOW()),
('dc-deck-4-20', 'deck-4', 'card-177', 20, NOW()),
('dc-deck-4-21', 'deck-4', 'card-177', 21, NOW()),
('dc-deck-4-22', 'deck-4', 'card-183', 22, NOW()),
('dc-deck-4-23', 'deck-4', 'card-183', 23, NOW());

COMMIT;

-- Verify
SELECT 'cards' n, count(*) FROM cards UNION ALL SELECT 'abilities', count(*) FROM abilities UNION ALL SELECT 'effects', count(*) FROM effects UNION ALL SELECT 'card_abilities', count(*) FROM card_abilities UNION ALL SELECT 'game_rulesets', count(*) FROM game_rulesets UNION ALL SELECT 'users', count(*) FROM users UNION ALL SELECT 'decks', count(*) FROM decks UNION ALL SELECT 'deck_cards', count(*) FROM deck_cards ORDER BY 1;